City_ID,City,Lat,Lng,Max Temp,Humidity,Cloudiness,Wind Speed,Country,Date
0,college,64.8569,-147.8028,297.14,30,75,7.72,US,1717874892
1,port mathurin,-19.6833,63.4167,297.13,78,40,9.97,MU,1717874892
2,el calafate,-50.3408,-72.2768,276.75,99,100,3.24,AR,1717874892
3,fale old settlement,-9.3852,-171.2468,301.62,71,85,2.42,TK,1717874892
4,paracuru,-3.41,-39.0306,302.1,87,35,4.1,BR,1717874893
5,port alfred,-33.5906,26.891,286.03,87,21,5.33,ZA,1717874893
6,la passe,45.5549,-0.8967,293.28,81,25,4.92,FR,1717874893
7,machico,32.7,-16.7667,295.38,80,40,1.54,PT,1717874893
8,kitimat,54.0524,-128.6534,299.36,38,96,1.89,CA,1717874893
9,grytviken,-54.2811,-36.5092,270.68,86,100,3.45,GS,1717874893
10,ilhabela,-23.7781,-45.3581,296.75,72,11,1.67,BR,1717874893
11,szczecinek,53.7079,16.6994,290.12,68,98,4.52,PL,1717874893
12,waitangi,-43.9535,-176.5597,281.94,83,5,3.13,NZ,1717874893
13,ust-tsilma,65.441,52.1498,283.49,58,99,2.68,RU,1717874893
14,edinburgh of the seven seas,-37.0676,-12.3116,289.37,90,100,12.95,SH,1717874893
15,tromso,69.6496,18.957,281.16,87,75,5.66,NO,1717874893
16,iqaluit,63.7506,-68.5145,276.0,64,75,6.17,CA,1717874893
17,viedma,-40.8135,-62.9967,291.64,67,100,2.7,AR,1717874893
18,madalena,41.2162,-8.3345,291.21,92,83,2.21,PT,1717874893
19,howrah,22.5892,88.3103,304.15,84,40,5.14,IN,1717874687
20,port-aux-francais,-49.35,70.2167,279.35,96,100,14.44,TF,1717874894
21,adamstown,-25.066,-130.1015,295.9,82,11,4.97,PN,1717874894
22,al jawf,29.5,38.75,306.17,14,3,2.92,SA,1717874894
23,tucumcari,35.1717,-103.725,309.79,16,0,5.14,US,1717874894
24,nueva gerona,21.8833,-82.8,302.45,67,97,7.46,CU,1717874894
25,jamestown,42.097,-79.2353,294.83,43,40,8.23,US,1717874729
26,anadyr,64.75,177.4833,275.43,93,75,3.0,RU,1717874894
27,talnakh,69.4865,88.3972,274.93,98,100,4.37,RU,1717874835
28,isangel,-19.55,169.2667,295.74,88,34,2.85,VU,1717874894
29,katsuren-haebaru,26.3369,127.8719,299.58,99,75,5.14,JP,1717874894
30,punta arenas,-53.15,-70.9167,277.21,65,0,2.06,CL,1717874795
31,itoman,26.1247,127.6694,299.58,100,75,5.14,JP,1717874759
32,kearney,40.6995,-99.0815,296.46,70,20,8.23,US,1717874640
33,selfoss,63.9331,-20.9971,283.73,50,100,4.78,IS,1717874895
34,vila velha,-20.3297,-40.2925,298.12,73,20,3.09,BR,1717874636
35,thompson,55.7435,-97.8558,277.24,100,100,4.12,CA,1717874895
36,hakha,22.65,93.6167,290.4,92,73,1.98,MM,1717874895
37,mezhdurechenskiy,59.6,65.9333,284.22,80,0,1.59,RU,1717874895
38,hermanus,-34.4187,19.2345,283.04,77,0,2.72,ZA,1717874895
39,zaragoza,41.6561,-0.8773,296.93,57,40,7.2,ES,1717874765
40,richards bay,-28.783,32.0377,291.19,51,86,1.62,ZA,1717874895
41,greenland,43.0362,-70.8328,296.68,67,75,4.63,US,1717874895
42,nova vicosa,-17.8919,-39.3719,297.6,80,7,4.06,BR,1717874895
43,puerto natales,-51.7236,-72.4875,276.4,93,75,1.03,CL,1717874856
44,bikin,46.8161,134.26,287.69,98,100,1.35,RU,1717874895
45,nishinoomote,30.7333,131.0,297.38,93,100,4.37,JP,1717874895
46,ust-nera,64.5667,143.2,278.58,51,88,1.84,RU,1717874896
47,olonkinbyen,70.9221,-8.7187,274.12,93,71,5.26,SJ,1717874896
48,ikot ekpene,5.1794,7.7108,297.77,95,100,2.65,NG,1717874896
49,puerto ayora,-0.7393,-90.3518,300.13,90,100,2.24,EC,1717874896
50,tiksi,71.6872,128.8694,273.2,90,57,3.93,RU,1717874896
51,callao,-12.0667,-77.15,298.55,77,75,5.14,PE,1717874727
52,albany,42.6001,-73.9662,294.79,63,41,0.89,US,1717874821
53,margaret river,-33.95,115.0667,289.7,91,100,11.25,AU,1717874896
54,kerikeri,-35.2268,173.9474,289.77,94,100,3.13,NZ,1717874628
55,kilindoni,-7.9139,39.6668,300.66,71,3,8.75,TZ,1717874830
56,coahuayana de hidalgo,18.7,-103.6583,306.11,47,70,3.97,MX,1717874896
57,chibougamau,49.9168,-74.3659,291.94,63,100,3.09,CA,1717874896
58,kourou,5.1552,-52.6478,305.18,64,39,3.4,GF,1717874896
59,east london,-33.0153,27.9116,288.15,74,6,5.1,ZA,1717874601
60,hawaiian paradise park,19.5933,-154.9731,299.88,78,40,3.09,US,1717874896
61,masterton,-40.9597,175.6575,284.75,90,100,2.74,NZ,1717874897
62,shakawe,-18.3667,21.85,288.25,26,2,2.76,BW,1717874897
63,bilibino,68.0546,166.4372,279.43,48,0,1.5,RU,1717874897
64,westport,41.1415,-73.3579,300.02,46,20,6.17,US,1717874842
65,mount isa,-20.7333,139.5,279.02,87,0,1.03,AU,1717874897
66,san antonio de pale,-1.4014,5.6325,298.07,79,7,3.48,GQ,1717874897
67,dolinsk,47.35,142.8,289.11,71,100,3.45,RU,1717874897
68,wynyard,-41.0,145.7167,283.36,83,14,3.68,AU,1717874897
69,malanje,-9.5402,16.341,294.55,37,76,1.19,AO,1717874897
70,tomatlan,19.9333,-105.25,305.87,43,2,5.03,MX,1717874897
71,bredasdorp,-34.5322,20.0403,283.34,86,0,1.06,ZA,1717874897
72,badger,64.8,-147.5333,297.1,27,0,7.72,US,1717874897
73,dudinka,69.4058,86.1778,275.19,97,89,4.02,RU,1717874897
74,isafjordur,66.0755,-23.124,276.49,83,91,4.06,IS,1717874897
75,cam ranh,11.9214,109.1591,301.13,78,20,2.06,VN,1717874897
76,walvis bay,-22.9575,14.5053,291.53,35,19,5.49,NA,1717874897
77,haiku-pauwela,20.9219,-156.3051,301.58,72,20,8.23,US,1717874898
78,pacific grove,36.6177,-121.9166,294.16,78,40,5.14,US,1717874898
79,stanley,54.868,-1.6985,285.92,54,20,8.75,GB,1717874773
80,sparti,37.0733,22.4297,297.57,52,15,0.38,GR,1717874898
81,afaahiti,-17.75,-149.2833,297.08,85,97,7.0,PF,1717874898
82,kolonia town,6.964,158.206,299.15,94,100,2.57,FM,1717874898
83,ta`u,-14.2336,-169.5144,299.73,74,100,10.89,AS,1717874898
84,wailua homesteads,22.0669,-159.378,300.39,80,75,4.63,US,1717874898
85,san patricio,28.017,-97.5169,309.35,40,5,7.06,US,1717874898
86,qaqortoq,60.7167,-46.0333,276.79,98,100,1.09,GL,1717874898
87,colonia,50.9333,6.95,291.73,60,0,6.69,DE,1717874629
88,dexter,36.7959,-89.9579,301.0,64,100,6.67,US,1717874647
89,ilulissat,69.2167,-51.1,277.16,81,0,3.6,GL,1717874898
90,anna regina,7.2644,-58.5077,301.84,73,31,3.73,GY,1717874898
91,hadibu,12.65,54.0333,301.78,78,76,6.85,YE,1717874898
92,ribeira grande,38.5167,-28.7,294.37,83,40,5.14,PT,1717874898
93,aasiaat,68.7098,-52.8699,274.99,83,12,3.71,GL,1717874898
94,labrador city,52.9463,-66.9114,300.1,29,75,1.54,CA,1717874899
95,luanda,-8.8368,13.2343,296.15,83,38,2.57,AO,1717874899
96,dharmanagar,24.3667,92.1667,298.82,97,26,1.43,IN,1717874785
97,codrington,-38.2667,141.9667,285.27,69,100,4.6,AU,1717874899
98,vorgashor,67.5833,63.95,271.93,93,100,2.69,RU,1717874899
99,yeraliyev,43.2,51.65,297.23,52,80,3.1,KZ,1717874899
100,ambon,-3.6954,128.1814,300.3,15,100,5.03,ID,1717874899
101,blackmans bay,-43.0167,147.3167,281.33,92,3,3.85,AU,1717874899
102,khonsa,27.0167,95.5667,294.91,97,55,2.11,IN,1717874899
103,antalaha,-14.9003,50.2788,293.79,85,4,3.04,MG,1717874899
104,yellowknife,62.456,-114.3525,286.44,47,100,4.63,CA,1717874899
105,ushuaia,-54.8,-68.3,275.94,75,20,7.2,AR,1717874899
106,bethel,41.3712,-73.414,298.72,53,0,6.69,US,1717874813
107,mata-utu,-13.2816,-176.1745,301.19,75,100,11.26,WF,1717874899
108,lebu,-37.6167,-73.65,284.92,93,100,7.68,CL,1717874899
109,saipan,15.1355,145.701,299.54,89,20,3.6,MP,1717874899
110,hithadhoo,-0.6,73.0833,301.68,75,100,4.33,MV,1717874900
111,grange,-34.9,138.4833,285.32,85,75,4.12,AU,1717874900
112,bamboo flat,11.7,92.7167,300.2,89,40,0.51,IN,1717874900
113,enewetak,11.3474,162.3373,301.31,81,31,6.71,MH,1717874900
114,santiago de cao,-7.9589,-79.2392,292.22,82,20,5.14,PE,1717874900
115,amungan,15.3652,119.9582,300.91,74,100,2.71,PH,1717874900
116,novodvinsk,64.4165,40.8122,285.25,95,100,1.97,RU,1717874900
117,palmas,-10.2128,-48.3603,307.08,33,20,3.6,BR,1717874867
118,tazovsky,67.4667,78.7,276.48,82,94,3.53,RU,1717874900
119,uturoa,-16.7333,-151.4333,299.74,79,95,3.87,PF,1717874900
120,iskateley,67.6803,53.1512,277.6,73,82,4.92,RU,1717874900
121,cooper's town,26.8667,-77.5167,302.32,68,0,2.21,BS,1717874900
122,mulanje,-16.0316,35.5,290.28,98,100,5.66,MW,1717874900
123,west island,-12.1568,96.8225,299.14,83,75,4.12,CC,1717874900
124,isiolo,0.3546,37.5822,294.79,70,100,4.87,KE,1717874900
125,leninskoye,41.7589,69.3864,294.67,44,61,1.45,KZ,1717874900
126,atafu village,-8.5421,-172.5159,301.51,74,100,2.99,TK,1717874901
127,palu,-0.8917,119.8707,297.64,98,100,1.56,ID,1717874901
128,cabo san lucas,22.8909,-109.9124,303.49,54,0,5.66,MX,1717874901
129,nabire,-3.3667,135.4833,297.75,95,62,1.34,ID,1717874901
130,taltal,-25.4,-70.4833,289.72,76,87,2.88,CL,1717874901
131,dalai,45.5,124.3,287.61,84,56,2.09,CN,1717874901
132,sur,22.5667,59.5289,304.55,58,0,1.82,OM,1717874901
133,broken hill,-31.95,141.4333,280.75,84,0,1.31,AU,1717874901
134,axim,4.8699,-2.2405,299.1,86,33,3.82,GH,1717874901
135,port elizabeth,-33.918,25.5701,284.32,100,0,1.54,ZA,1717874663
136,georgetown,5.4112,100.3354,302.01,78,40,1.54,MY,1717874901
137,mohacs,45.9931,18.6831,299.4,63,100,5.53,HU,1717874901
138,roosevelt,33.9668,-103.4505,308.08,20,14,4.38,US,1717874901
139,arraial do cabo,-22.9661,-42.0278,298.13,73,0,6.17,BR,1717874901
140,sinabang,2.4803,96.3801,299.29,84,92,2.09,ID,1717874901
141,teknaf,20.8624,92.3058,300.99,89,50,2.21,BD,1717874901
142,eastham,41.8301,-69.9739,295.34,67,0,6.69,US,1717874636
143,red hill,33.9996,-79.2581,306.53,35,0,2.26,US,1717874902
144,nizhnesortymskiy,62.4397,71.7603,286.13,45,7,3.5,RU,1717874626
145,boca suno,-0.7167,-77.1333,300.92,89,100,0.93,EC,1717874902
146,huarmey,-10.0681,-78.1522,295.42,69,13,4.33,PE,1717874877
147,opuwo,-18.0607,13.84,291.57,30,0,3.23,NA,1717874902
148,littlefield,33.9173,-102.3249,309.06,22,14,6.2,US,1717874902
149,sonoita,31.85,-112.8333,308.04,15,0,11.11,MX,1717874902
150,morehead city,34.7229,-76.726,304.18,56,0,4.12,US,1717874714
151,remire-montjoly,4.9167,-52.2667,305.17,66,31,5.66,GF,1717874902
152,petropavlovsk-kamchatsky,53.0452,158.6483,284.48,63,75,6.26,RU,1717874902
153,chonchi,-42.6128,-73.8092,285.99,94,100,4.55,CL,1717874902
154,whitehorse,60.7161,-135.0538,294.32,21,75,7.2,CA,1717874753
155,labytnangi,66.6572,66.4183,273.92,80,41,2.87,RU,1717874903
156,perry,37.2506,-83.1999,303.25,34,100,3.45,US,1717874903
157,obihiro,42.9172,143.2044,286.83,95,100,0.4,JP,1717874903
158,constantia,44.1833,28.65,293.54,67,45,4.04,RO,1717874645
159,hamilton,39.1834,-84.5333,298.66,65,40,3.6,US,1717874903
160,churapcha,62.0025,132.4325,280.41,67,5,2.05,RU,1717874903
161,salmon arm,50.6998,-119.3024,298.95,32,10,1.03,CA,1717874838
162,swift current,50.2834,-107.8014,288.6,51,20,8.75,CA,1717874903
163,guerrero negro,27.9769,-114.0611,294.36,61,8,6.36,MX,1717874903
164,invercargill,-46.4,168.35,280.38,89,100,0.45,NZ,1717874903
165,spinazzola,40.9671,16.0916,297.7,41,11,1.66,IT,1717874903
166,wenchang,30.904,118.4887,296.72,72,100,1.05,CN,1717874903
167,urzhar,47.093,81.6294,290.12,83,98,0.65,KZ,1717874903
168,camana,-16.6228,-72.7111,291.54,78,100,3.13,PE,1717874904
169,melekeok village,7.4957,134.6367,299.46,94,75,2.06,PW,1717874904
170,mikhaylovskoye,51.8239,79.7172,292.26,77,16,1.81,RU,1717874904
171,rio grande,-32.035,-52.0986,294.21,87,100,4.38,BR,1717874835
172,st. john's,47.5649,-52.7093,289.81,72,40,6.17,CA,1717874680
173,smara,26.7384,-11.6719,304.41,23,5,6.2,EH,1717874904
174,luwuk,-0.9516,122.7875,295.75,91,61,1.75,ID,1717874904
175,buta,2.7858,24.73,297.19,81,100,0.53,CD,1717874904
176,udachny,66.4167,112.4,286.73,80,97,2.05,RU,1717874796
177,vila franca do campo,37.7167,-25.4333,292.38,99,81,2.9,PT,1717874904
178,mahibadhoo,3.7833,72.9667,301.59,76,100,5.74,MV,1717874904
179,kingston,17.997,-76.7936,304.68,70,40,9.77,JM,1717874772
180,klaksvik,62.2266,-6.589,280.66,76,95,9.22,FO,1717874904
181,las heras,-46.5419,-68.9359,278.27,79,100,7.08,AR,1717874904
182,dunedin,-45.8742,170.5036,279.71,98,100,2.24,NZ,1717874904
183,juneau,58.3019,-134.4197,297.15,22,75,4.12,US,1717874905
184,alcacer do sal,38.3733,-8.5144,291.94,69,38,3.92,PT,1717874905
185,fort bragg,35.139,-79.006,305.19,31,0,2.68,US,1717874905
186,tailai,46.3833,123.4,286.14,72,47,4.27,CN,1717874905
187,longyearbyen,78.2186,15.6401,277.06,70,75,5.14,SJ,1717874905
188,lihue,21.9789,-159.3672,300.73,75,75,4.63,US,1717874905
189,vanimo,-2.6741,141.3028,298.8,90,93,1.57,PG,1717874905
190,carmo do rio claro,-20.9719,-46.1189,298.89,40,0,1.33,BR,1717874905
191,tukzar,35.9483,66.4213,294.94,23,0,2.69,AF,1717874905
192,nelson bay,-32.7167,152.15,286.53,88,0,0.45,AU,1717874905
193,lata,40.1629,-8.3327,292.87,47,65,2.53,PT,1717874905
194,khandyga,62.6667,135.6,282.28,44,0,3.7,RU,1717874905
195,preobrazheniye,42.9019,133.9064,285.85,100,100,2.27,RU,1717874905
196,dakhla,23.6848,-15.958,295.16,83,0,6.69,EH,1717874906
197,saint-pierre,-21.3393,55.4781,293.97,78,0,2.57,RE,1717874906
198,kodiak,57.79,-152.4072,280.88,87,100,11.83,US,1717874906
199,yanykurgan,43.915,67.2481,302.8,23,2,3.2,KZ,1717874906
200,cheremukhovo,60.3484,59.9851,285.91,72,21,1.34,RU,1717874906
201,lisala,2.15,21.5167,297.12,78,100,0.41,CD,1717874906
202,lazaro cardenas,17.9583,-102.2,302.77,59,7,5.54,MX,1717874906
203,lyantor,61.6195,72.1555,284.68,51,3,0.36,RU,1717874906
204,tame,6.461,-71.73,299.7,87,100,0.95,CO,1717874906
205,kyren,51.6828,102.1408,287.56,83,1,0.89,RU,1717874906
206,lib,8.3122,167.3766,301.55,81,25,7.82,MH,1717874906
207,punta cardon,11.6581,-70.215,303.97,67,16,12.71,VE,1717874906
208,papatowai,-46.5619,169.4708,280.87,85,100,3.18,NZ,1717874906
209,tazacorte,28.629,-17.9293,296.57,78,75,4.12,ES,1717874713
210,hays,30.0502,-98.0336,308.27,56,0,3.58,US,1717874906
211,midvagur,62.0511,-7.1939,280.61,87,75,7.2,FO,1717874906
212,gobabis,-22.45,18.9667,282.11,28,0,5.3,NA,1717874907
213,porto novo,6.4965,2.6036,301.05,82,99,3.03,BJ,1717874907
214,nar'yan-mar,67.6713,53.087,277.65,73,75,4.92,RU,1717874907
215,utrik,11.2278,169.8474,301.19,81,19,7.66,MH,1717874907
216,anavyssos,37.7333,23.95,302.47,45,0,3.47,GR,1717874907
217,fillmore,43.6666,-92.1002,295.51,68,20,7.2,US,1717874907
218,n'zeto,-7.2312,12.8666,295.38,88,100,3.4,AO,1717874907
219,newman,37.3138,-121.0208,303.28,23,100,0.17,US,1717874907
220,veraval,20.9,70.3667,302.91,75,3,6.65,IN,1717874907
221,puerto deseado,-47.7503,-65.8938,280.44,87,100,5.47,AR,1717874907
222,mwingi,-0.9344,38.0601,294.41,64,95,3.23,KE,1717874907
223,kamaishi,39.2667,141.8833,288.2,95,100,3.45,JP,1717874907
224,ryotsu-minato,38.0833,138.4333,290.73,95,100,1.51,JP,1717874907
225,whitehouse,32.2268,-95.2255,308.07,50,0,1.34,US,1717874908
226,lakatoro,-16.0999,167.4164,298.31,83,100,6.56,VU,1717874908
227,alofi,-19.0595,-169.9187,294.09,73,100,3.09,NU,1717874908
228,chilaw,7.5758,79.7953,300.82,85,100,10.2,LK,1717874908
229,natal,-5.795,-35.2094,302.51,74,20,8.23,BR,1717874652
230,port lincoln,-34.7333,135.8667,285.87,77,64,3.47,AU,1717874840
231,vilyuysk,63.7553,121.6247,285.37,60,3,1.79,RU,1717874908
232,champerico,14.3,-91.9167,303.45,87,100,3.99,GT,1717874908
233,voi,-3.3945,38.563,294.5,83,98,4.2,KE,1717874908
234,happy valley-goose bay,53.3168,-60.3315,296.32,46,20,4.63,CA,1717874908
235,san pedro pochutla,15.7333,-96.4667,298.99,52,100,3.88,MX,1717874908
236,san julian,21.0167,-102.1667,301.91,23,86,4.45,MX,1717874908
237,i-n-salah,27.1935,2.4607,313.36,8,40,1.99,DZ,1717874908
238,alice springs,-23.7,133.8833,276.9,100,0,1.54,AU,1717874909
239,carnarvon,-24.8667,113.6333,296.07,73,41,7.8,AU,1717874909
240,hukumati azrah,34.1736,69.6457,283.67,48,6,0.19,AF,1717874909
241,crane,31.3974,-102.3501,309.93,24,100,8.88,US,1717874909
242,ketchikan,55.3422,-131.6461,295.41,33,0,4.63,US,1717874909
243,balabac,7.9868,117.0645,298.91,89,100,4.54,PH,1717874648
244,lompoc,34.6391,-120.4579,296.92,89,100,4.12,US,1717874909
245,stewartville,43.8555,-92.4885,294.53,57,20,5.14,US,1717874720
246,malango,-2.9627,119.9001,291.91,98,99,1.02,ID,1717874909
247,aktau,43.65,51.2,295.47,70,98,3.12,KZ,1717874909
248,touros,-5.1989,-35.4608,299.54,89,17,5.82,BR,1717874756
249,tolanaro,-25.0319,46.9987,293.19,88,75,7.2,MG,1717874909
250,azadshahr,34.7909,48.5707,293.42,30,20,4.12,IR,1717874909
251,pangoa,-12.1167,-73.0,303.45,41,12,1.69,PE,1717874909
252,thinadhoo,0.5333,72.9333,301.68,73,100,4.63,MV,1717874909
253,castillos,-34.1667,-53.8333,293.28,86,100,2.73,UY,1717874909
254,aldan,58.6031,125.3894,282.51,75,100,1.27,RU,1717874910
255,sabang,5.8933,95.3214,302.83,69,100,7.36,ID,1717874910
256,charters towers,-20.1,146.2667,283.47,52,0,3.06,AU,1717874910
257,itaiba,-8.9475,-37.4228,297.8,73,61,5.56,BR,1717874910
258,wewak,-3.5534,143.6268,299.39,86,22,1.7,PG,1717874910
259,olean,42.0776,-78.4297,295.53,51,40,4.12,US,1717874626
260,tual,-5.6667,132.75,299.58,83,44,9.17,ID,1717874910
261,maitum,6.0392,124.4986,298.92,81,100,1.92,PH,1717874910
262,kalianget,-7.05,113.9333,299.82,86,100,3.96,ID,1717874910
263,greenville,35.6127,-77.3663,303.78,31,0,2.06,US,1717874173
264,avarua,-21.2078,-159.775,297.18,57,20,0.51,CK,1717874910
265,ol'ginskaya,47.1879,39.9492,299.76,39,0,2.27,RU,1717874910
266,barra do corda,-5.5,-45.25,303.42,54,77,3.47,BR,1717874910
267,hasaki,35.7333,140.8333,290.53,79,98,3.78,JP,1717874911
268,san juan,-31.5375,-68.5364,294.59,36,76,2.8,AR,1717874812
269,raja,8.4596,25.678,297.54,80,100,3.44,SS,1717874911
270,vilyuchinsk,52.9306,158.4028,285.3,72,100,3.94,RU,1717874911
271,mpulungu,-8.7623,31.1141,296.65,48,0,4.66,ZM,1717874911
272,nikolayevsk-on-amure,53.1406,140.73,278.27,97,80,1.34,RU,1717874911
273,caraballeda,10.6112,-66.8522,307.24,61,40,2.57,VE,1717874911
274,rovaniemi,66.5,25.7167,286.82,44,0,3.09,FI,1717874867
275,susuman,62.7833,148.1667,274.25,77,100,3.58,RU,1717874911
276,yeniseysk,58.4497,92.1703,288.12,60,100,4.92,RU,1717874911
277,anori,-3.7728,-61.6442,307.47,42,69,2.14,BR,1717874911
278,celestun,20.8667,-90.4,303.58,72,6,5.57,MX,1717874911
279,hammerfest,70.6634,23.6821,280.4,87,75,6.17,NO,1717874911
280,beledweyne,4.7358,45.2036,301.68,55,100,8.45,SO,1717874911
281,kapuskasing,49.4169,-82.4331,293.2,52,75,7.2,CA,1717874702
282,zvishavane,-20.3267,30.0665,285.44,80,72,3.57,ZW,1717874912
283,jiayuguan,39.8167,98.3,293.42,23,100,1.2,CN,1717874912
284,saint-benoit,-21.038,55.7194,295.19,85,74,2.06,RE,1717874912
285,palikir - national government center,6.9248,158.1611,298.56,94,100,2.57,FM,1717874912
286,bikenibeu village,1.3673,173.1241,298.13,100,40,0.0,KI,1717874912
287,acapulco de juarez,16.8634,-99.8901,303.05,74,75,5.14,MX,1717874912
288,flin flon,54.7682,-101.865,280.06,87,100,3.6,CA,1717874912
289,abra pampa,-22.7205,-65.697,293.45,5,11,10.64,AR,1717874912
290,laguna,38.421,-121.4238,302.34,53,0,4.63,US,1717874771
291,la'ie,21.6477,-157.9253,301.51,77,3,2.24,US,1717874912
292,abu zabad,12.35,29.25,300.76,55,81,7.31,SD,1717874912
293,sandnessjoen,66.0217,12.6316,289.44,68,73,5.31,NO,1717874912
294,pinarbasi,38.7229,36.3931,287.83,77,100,2.83,TR,1717874714
295,puerto wilches,7.3483,-73.896,307.46,46,35,1.04,CO,1717874912
296,bardai,11.65,7.2333,302.01,54,100,2.91,NG,1717874913
297,san andres,12.5847,-81.7006,305.16,70,20,2.57,CO,1717874913
298,lishui,28.4604,119.9103,293.65,96,97,1.02,CN,1717874913
299,vadso,70.0744,29.7487,276.64,93,100,6.69,NO,1717874913
300,altay,47.8667,88.1167,289.31,47,100,3.09,CN,1717874913
301,estherville,43.4016,-94.8328,296.34,43,0,8.23,US,1717874913
302,holualoa,19.6228,-155.9522,299.06,80,20,8.23,US,1717874913
303,freetown,8.484,-13.2299,300.99,61,75,2.57,SL,1717874913
304,miasskoye,55.2784,61.8905,288.63,87,100,3.78,RU,1717874913
305,masuguru,-11.3667,38.4167,296.24,56,23,1.92,TZ,1717874830
306,kenai,60.5544,-151.2583,287.6,65,100,6.69,US,1717874913
307,lethem,3.3803,-59.7968,303.22,68,100,0.13,GY,1717874913
308,arteche,12.2645,125.4048,299.14,90,100,2.17,PH,1717874913
309,riyadh,24.6877,46.7219,311.23,9,0,5.44,SA,1717874702
310,enriquillo,17.9,-71.2333,303.97,60,100,4.2,DO,1717874913
311,kone,-21.0595,164.8658,293.89,92,92,1.96,NC,1717874913
312,mahina,-17.5065,-149.489,298.02,88,75,1.54,PF,1717874914
313,keflavik,64.0049,-22.5624,282.1,66,0,5.14,IS,1717874914
314,mufulira,-12.5498,28.2407,290.55,38,3,3.6,ZM,1717874878
315,xilin hot,43.9667,116.0333,285.97,38,4,0.7,CN,1717874914
316,iwaki,37.05,140.8833,291.49,95,100,1.55,JP,1717874914
317,prince rupert,54.3161,-130.3201,293.2,48,40,3.09,CA,1717874914
318,neiafu,-18.65,-173.9833,296.53,64,20,4.12,TO,1717874775
319,hluti,-27.2167,31.6167,286.76,59,100,0.73,SZ,1717874914
320,klyuchi,52.2667,79.1667,290.95,79,6,2.15,RU,1717874914
321,oyama,36.3,139.8,296.25,82,100,1.67,JP,1717874914
322,fallon,39.4735,-118.7774,306.44,18,75,3.09,US,1717874914
323,wakimachi,34.0667,134.15,292.83,97,100,2.94,JP,1717874914
324,raduzhny,62.0961,77.475,282.85,75,4,2.91,RU,1717874914
325,xi'an,34.2583,108.9286,289.6,49,100,1.44,CN,1717874915
326,arno,60.1167,18.6333,285.25,66,100,5.44,SE,1717874713
327,turpan,42.9333,89.1667,305.37,16,100,0.89,CN,1717874915
328,ishimbay,53.4545,56.0415,290.52,95,100,1.63,RU,1717874915
329,amga,60.8953,131.9608,281.88,93,7,0.58,RU,1717874915
330,queenstown,-31.8976,26.8753,281.41,66,6,0.88,ZA,1717874853
331,weno,7.4515,151.8468,301.12,78,75,3.09,FM,1717874915
332,winnemucca,40.973,-117.7357,305.18,17,0,0.0,US,1717874915
333,quellon,-43.1167,-73.6167,284.97,91,100,10.29,CL,1717874915
334,bodaybo,57.8506,114.1933,278.26,93,33,0.94,RU,1717874915
335,broome,42.2506,-75.833,296.58,56,75,6.69,US,1717874915
336,kotabumi,-4.8333,104.9,297.05,95,75,0.97,ID,1717874915
337,carutapera,-1.195,-46.02,300.25,84,49,3.95,BR,1717874915
338,camoapa,12.3839,-85.5116,303.27,69,79,1.99,NI,1717874915
339,namibe,-15.1961,12.1522,293.17,76,0,0.72,AO,1717874915
340,dmitrovsk-orlovskiy,52.505,35.1464,288.05,93,0,3.2,RU,1717874916
341,mugia,43.1041,-9.2179,288.66,83,68,10.71,ES,1717874916
342,lorengau,-2.0226,147.2712,299.8,83,14,1.71,PG,1717874916
343,cambrai,50.1667,3.4167,288.76,81,80,3.01,FR,1717874916
344,lianga,8.6336,126.0947,297.11,97,82,0.98,PH,1717874916
345,ancud,-41.8697,-73.8203,285.65,92,100,6.74,CL,1717874916
346,katsuura,35.1333,140.3,293.32,77,13,3.2,JP,1717874916
347,male,4.1748,73.5089,303.12,79,75,4.63,MV,1717874881
348,daru,-9.0763,143.2092,298.62,87,98,7.35,PG,1717874916
349,pangai,-19.8,-174.35,296.77,66,91,9.92,TO,1717874916
350,bom jesus,-9.0744,-44.3586,308.55,26,6,3.72,BR,1717874916
351,hachinohe,40.5,141.5,290.79,72,100,3.47,JP,1717874916
352,aleksandrov gay,50.147,48.5704,293.08,78,0,4.04,RU,1717874917
353,kataba,13.9833,44.3833,296.01,48,6,1.61,YE,1717874917
354,banes,20.9625,-75.7186,298.37,89,100,3.18,CU,1717874917
355,skegness,53.1436,0.3363,289.19,67,4,7.96,GB,1717874917
356,port douglas,-16.4833,145.4667,291.66,62,0,1.94,AU,1717874917
357,xiongzhou,25.1167,114.3,297.01,98,99,0.41,CN,1717874894
358,nadi,-17.8,177.4167,296.15,78,40,5.66,FJ,1717874917
359,murzuq,25.9155,13.9184,303.94,12,0,3.78,LY,1717874917
360,tura,25.5198,90.2201,297.5,95,0,2.69,IN,1717874917
361,beaumont,30.0861,-94.1019,307.17,58,40,4.63,US,1717874618
362,bernburg,51.8,11.7333,291.14,76,94,4.92,DE,1717874917
363,mwinilunga,-11.7358,24.4293,289.2,45,96,1.86,ZM,1717874917
364,monteagudo,-19.8167,-63.9833,302.8,28,100,3.58,BO,1717874917
365,colac,-38.3333,143.5833,283.61,91,97,3.19,AU,1717874663
366,qamdo,31.1667,97.2333,282.03,65,6,1.66,CN,1717874918
367,ardakan,32.31,54.0175,301.73,7,2,2.14,IR,1717874918
368,uige,-7.6087,15.0613,296.2,66,100,0.85,AO,1717874918
369,youhao,47.8667,128.8333,283.52,96,38,0.17,CN,1717874918
370,nouadhibou,20.931,-17.0347,296.14,73,20,9.77,MR,1717874918
371,mbandaka,0.0487,18.2603,299.25,73,91,1.87,CD,1717874918
372,portland,45.5234,-122.6762,299.0,49,75,3.09,US,1717874726
373,long beach,33.767,-118.1892,296.36,77,100,4.63,US,1717874754
374,taroa,8.7058,171.2275,301.6,77,100,7.47,MH,1717874918
375,sakaiminato,35.55,133.2333,293.11,94,100,6.69,JP,1717874918
376,armidale,-30.5167,151.65,279.67,89,98,2.78,AU,1717874918
377,boa vista,2.8197,-60.6733,304.14,62,40,1.03,BR,1717874918
378,ekibastuz,51.6667,75.3667,292.43,76,95,2.03,KZ,1717874918
379,barra de sao francisco,-18.755,-40.8908,296.93,68,95,3.15,BR,1717874919
380,bubaque,11.2833,-15.8333,299.63,76,52,4.1,GW,1717874919
381,tuam,53.5167,-8.85,284.39,71,9,5.87,IE,1717874919
382,nova sintra,14.8667,-24.7167,296.9,83,0,11.04,CV,1717874919
383,foca,38.6703,26.7566,301.06,62,0,5.93,TR,1717874919
384,zelezniki,46.2333,14.1667,295.27,93,100,1.59,SI,1717874919
385,altai,46.3722,96.2583,285.68,37,2,1.94,MN,1717874919
386,rizhao,35.4275,119.4553,295.1,65,100,1.91,CN,1717874919
387,gwadar,25.1216,62.3254,302.85,79,98,5.93,PK,1717874919
388,coquimbo,-29.9533,-71.3436,289.0,78,75,5.66,CL,1717874897
389,rawlins,41.7911,-107.2387,298.09,31,0,8.23,US,1717874919
390,ad dilam,23.9915,47.1627,310.38,8,0,4.79,SA,1717874919
391,urangan,-25.3,152.9,286.04,77,0,2.24,AU,1717874724
392,essaouira,31.5125,-9.77,294.87,78,40,3.09,MA,1717874919
393,mazagao,-0.115,-51.2894,302.18,67,40,3.07,BR,1717874920
394,karratha,-20.7377,116.8463,292.72,56,0,3.3,AU,1717874920
395,long ashton,51.43,-2.661,289.44,49,5,4.63,GB,1717874920
396,vestby,59.6024,10.7467,283.18,85,77,2.48,NO,1717874920
397,noumea,-22.2763,166.4572,297.59,99,100,2.16,NC,1717874920
398,darwin,-12.4611,130.8418,289.14,63,3,2.06,AU,1717874814
399,galveston,29.3669,-94.9669,308.76,65,0,4.63,US,1717874920
400,necochea,-38.5473,-58.7368,291.82,84,100,4.35,AR,1717874920
401,maughold,54.2988,-4.3184,284.72,74,29,5.02,IM,1717874920
402,at taj,24.2049,23.2857,302.88,19,0,5.13,LY,1717874920
403,praia da vitoria,38.7333,-27.0667,295.24,73,20,4.05,PT,1717874649
404,taoudenni,22.6783,-3.9836,314.95,9,9,1.77,ML,1717874920
405,mont-dore,-22.2833,166.5833,297.59,99,100,2.34,NC,1717874920
406,sao joao da barra,-21.6403,-41.0511,299.2,75,0,4.02,BR,1717874920
407,minas de marcona,-15.2119,-75.1103,291.88,56,50,4.18,PE,1717874920
408,faro,37.0194,-7.9322,293.81,77,20,7.2,PT,1717874920
409,santa barbara,34.7333,-120.0343,293.15,68,20,4.12,US,1717874905
410,zhob,31.3411,69.4481,297.23,39,1,1.76,PK,1717874921
411,al kharj,24.155,47.3346,310.47,8,0,5.02,SA,1717874921
412,solnechnyy,50.7214,136.6319,278.72,97,95,0.23,RU,1717874921
413,andergrove,-21.0833,149.1833,282.4,59,0,3.38,AU,1717874921
414,syktyvkar,61.6764,50.8099,290.0,67,40,3.0,RU,1717874921
415,nao me toque,-28.4592,-52.8208,296.75,68,4,3.15,BR,1717874921
416,krutaya gorka,55.3649,73.2231,283.97,91,95,3.35,RU,1717874921
417,fomeque,4.488,-73.8975,297.57,81,100,2.94,CO,1717874921
418,alva,56.1528,-3.8051,285.19,74,82,6.58,GB,1717874921
419,turpin hills,39.1101,-84.3799,298.72,66,40,4.12,US,1717874921
420,okhotsk,59.3833,143.3,277.98,85,100,2.15,RU,1717874921
421,katabu,-4.9333,122.5167,296.98,95,92,2.25,ID,1717874921
422,loralai,30.3705,68.598,296.74,27,0,2.93,PK,1717874921
423,naze,28.3667,129.4833,296.66,92,95,3.76,JP,1717874921
424,bandiagara,14.3501,-3.6104,309.07,28,76,6.2,ML,1717874922
425,port moresby,-9.4431,147.1797,297.83,94,20,2.57,PG,1717874922
426,zouerate,22.7187,-12.4521,308.72,17,0,5.1,MR,1717874922
427,chardon,41.6142,-81.149,297.92,50,4,3.13,US,1717874922
428,suva,-18.1416,178.4415,296.86,94,75,2.06,FJ,1717874922
429,mangaratiba,-22.9597,-44.0406,299.63,79,13,1.7,BR,1717874922
430,aykhal,66.0,111.5,284.93,86,40,3.31,RU,1717874813
431,betamcherla,15.4667,78.1667,299.06,73,55,7.39,IN,1717874922
432,yatou,37.15,122.3833,291.08,93,99,2.69,CN,1717874922
433,bela,25.9333,81.9833,309.4,18,0,3.4,IN,1717874922
434,el granada,37.5027,-122.4694,301.52,73,75,9.26,US,1717874922
435,new norfolk,-42.7826,147.0587,281.99,92,90,0.95,AU,1717874922
436,dali,25.7,100.1833,291.83,87,13,1.77,CN,1717874922
437,lodja,-3.4833,23.4333,296.57,47,13,0.57,CD,1717874923
438,dalaba,10.7,-12.25,290.35,96,100,1.42,GN,1717874923
439,kindu,-2.95,25.95,295.95,52,100,0.22,CD,1717874923
440,leh,34.1667,77.5833,278.53,50,2,2.1,IN,1717874727
441,sakakah,29.9697,40.2064,308.91,14,6,4.48,SA,1717874923
442,sungailiat,-1.85,106.1333,299.49,88,99,2.16,ID,1717874923
443,along,28.1667,94.7667,292.99,98,8,0.46,IN,1717874923
444,kontcha,7.9667,12.2333,295.96,90,100,1.01,CM,1717874923
445,tocopilla,-22.092,-70.1979,293.63,64,22,2.74,CL,1717874909
446,antofagasta,-23.65,-70.4,293.75,77,31,2.94,CL,1717874471
447,fisterra,42.9049,-9.2629,288.57,81,100,10.76,ES,1717874923
448,usogorsk,63.4106,48.6872,288.52,89,100,2.38,RU,1717874923
449,kiveton park,53.3419,-1.2583,287.25,59,0,0.89,GB,1717874923
450,lerwick,60.1545,-1.1494,282.15,88,100,10.68,GB,1717874923
451,itaocara,-21.6692,-42.0761,300.05,55,8,1.31,BR,1717874701
452,dalton,34.7698,-84.9702,303.25,47,20,2.06,US,1717874724
453,al mutayrifi,25.4788,49.5576,309.34,28,0,3.32,SA,1717874924
454,tindouf,27.6711,-8.1474,306.4,14,0,8.75,DZ,1717874924
455,shingu,33.7333,135.9833,291.99,90,100,1.0,JP,1717874924
456,sao tome,0.3365,6.7273,297.87,81,11,4.17,ST,1717874924
457,santo antonio,-6.3106,-35.4789,300.76,77,100,5.63,BR,1717874924
458,port saint john's,-31.6229,29.5448,288.32,76,5,3.42,ZA,1717874924
459,oktyabr'skiy,54.4815,53.471,291.98,96,100,3.58,RU,1717874924
460,sosnogorsk,63.6023,53.8817,288.45,78,99,0.89,RU,1717874924
461,sabha,27.0377,14.4283,303.67,11,0,3.9,LY,1717874836
462,homer,59.6425,-151.5483,291.09,34,40,5.14,US,1717874924
463,mende,44.6667,3.5,287.65,79,100,0.95,FR,1717874924
464,palmer,42.1584,-72.3287,296.9,52,75,7.72,US,1717874899
465,grand-bassam,5.2118,-3.7388,300.13,87,41,2.94,CI,1717874924
466,sitka,57.0531,-135.33,294.09,28,40,5.66,US,1717874924
467,pyetrykaw,52.1289,28.4921,286.07,79,0,2.4,BY,1717874924
468,delta,5.5,6.0,297.22,96,100,2.37,NG,1717874925
469,hobyo,5.3505,48.5268,300.3,79,100,11.71,SO,1717874925
470,bovalino,38.149,16.174,299.43,62,0,2.31,IT,1717874925
471,ghadamis,30.1337,9.5007,306.8,11,0,2.63,LY,1717874925
472,tsimlyansk,47.6461,42.1019,294.4,52,0,1.81,RU,1717874856
473,ugoofaaru,5.6667,73.0,301.65,77,100,6.4,MV,1717874925
474,mountain home,43.133,-115.6912,304.86,24,0,2.24,US,1717874644
475,mana,5.6592,-53.7767,302.14,70,23,4.18,GF,1717874925
476,upata,8.0086,-62.3989,305.54,47,76,3.33,VE,1717874925
477,tugulym,57.0591,64.6425,287.19,76,95,2.24,RU,1717874925
478,mvurwi,-17.0333,30.85,287.56,48,33,5.26,ZW,1717874925
479,awjilah,29.1081,21.2869,302.03,38,0,8.61,LY,1717874925
480,fayetteville,35.0527,-78.8784,305.57,30,0,2.68,US,1717874765
481,tamanrasset,22.785,5.5228,305.1,11,20,1.03,DZ,1717874925
482,vicente guerrero,19.1194,-98.1708,300.81,26,23,3.16,MX,1717874925
483,christchurch,-43.5333,172.6333,282.54,92,100,1.03,NZ,1717874926
484,shinas,24.7433,56.4658,306.29,75,0,6.12,OM,1717874926
485,recani,31.2846,-4.2688,305.63,6,100,11.91,MA,1717874926
486,requena,39.4883,-1.1004,288.99,79,100,10.4,ES,1717874926
487,pingliang,35.5392,106.6861,288.27,59,100,1.95,CN,1717874926
488,as sulayyil,20.4607,45.5779,309.29,9,6,2.95,SA,1717874926
489,fiambala,-27.6871,-67.6149,302.88,5,73,2.12,AR,1717874926
490,union hidalgo,16.4723,-94.8295,306.26,55,88,4.86,MX,1717874926
491,fortuna,40.5982,-124.1573,291.44,83,75,7.72,US,1717874926
492,flying fish cove,-10.4217,105.6791,297.97,94,100,3.6,CX,1717874926
493,bria,6.5423,21.9863,295.92,83,100,1.21,CF,1717874926
494,kas,36.2018,29.6377,299.42,52,88,1.02,TR,1717874926
495,talcahuano,-36.7167,-73.1167,285.97,100,100,11.32,CL,1717874926
496,ha'il,27.5219,41.6907,309.16,13,0,2.06,SA,1717874926
497,kerimaki,61.9167,29.2833,284.12,82,100,2.57,FI,1717874926
498,nizhniy kuranakh,58.8353,125.4869,283.2,79,90,1.98,RU,1717874927
499,haci zeynalabdin,40.6233,49.5586,295.23,64,99,2.71,AZ,1717874927
500,roma,43.2128,-75.4557,295.03,63,40,6.69,US,1717874908
501,itapecerica,-20.4725,-45.1256,297.89,39,0,1.16,BR,1717874653
502,roccella ionica,38.322,16.4009,297.09,63,0,2.38,IT,1717874927
503,mazeikiai,56.3167,22.3333,284.78,82,97,3.0,LT,1717874927
504,xinyuan,37.3,99.0,279.31,84,100,1.63,CN,1717874927
505,nema,57.5067,50.5011,288.52,86,97,1.14,RU,1717874927
506,yaren,-0.5472,166.916,302.6,69,82,5.1,NR,1717874927
507,mumbwa,-14.9783,27.0619,290.32,41,5,2.72,ZM,1717874927
508,nadym,65.5333,72.5167,279.24,74,7,4.45,RU,1717874927
509,villa gesell,-37.2639,-56.973,290.03,90,100,4.43,AR,1717874927
510,glendive,47.1053,-104.7125,296.94,27,75,3.09,US,1717874927
511,merizo village,13.2658,144.6691,301.0,90,98,4.35,GU,1717874927
512,la paz,-16.5,-68.15,291.14,16,50,2.57,BO,1717874685
513,siocon,7.7061,122.1353,299.64,87,100,2.8,PH,1717874928
514,mezhdurechensk,53.6942,88.0603,287.58,98,83,1.81,RU,1717874928
515,grand-lahou,5.1367,-5.0242,298.98,89,16,3.42,CI,1717874928
516,bandarbeyla,9.4942,50.8122,299.65,82,100,14.04,SO,1717874928
517,caluula,11.9661,50.7569,305.05,65,5,2.0,SO,1717874928
518,meadow lakes,61.6247,-149.6011,292.51,76,0,0.0,US,1717874928
519,krokek,58.6667,16.4,285.21,87,75,4.12,SE,1717874928
520,gaiman,-43.2897,-65.4929,288.51,48,100,3.22,AR,1717874928
521,egilsstadir,65.2653,-14.3948,280.1,70,75,2.06,IS,1717874928
522,abaza,52.655,90.0928,287.5,95,99,2.4,RU,1717874928
523,marka,1.7159,44.7717,298.81,85,100,6.25,SO,1717874713
524,chulym,55.0997,80.9572,286.18,98,39,3.55,RU,1717874928
525,fort st. john,56.2499,-120.8529,283.09,57,75,5.66,CA,1717874928
526,novaya igirma,57.1334,103.9112,282.52,64,100,1.74,RU,1717874929
527,tvoroyri,61.5556,-6.8111,281.38,73,65,6.1,FO,1717874929
528,beira,-19.8436,34.8389,296.2,64,20,7.2,MZ,1717874929
529,sao gabriel da cachoeira,-0.1303,-67.0892,296.04,100,75,3.09,BR,1717874929
530,san martin,-33.081,-68.4681,291.45,43,11,2.03,AR,1717874929
531,biltine,14.5333,20.9167,308.91,10,8,1.54,TD,1717874769
532,yuzhno-kurilsk,44.0306,145.8556,284.47,98,100,3.8,RU,1717874929
533,milledgeville,33.0801,-83.2321,307.71,34,0,2.57,US,1717874929
534,igarka,67.4667,86.5833,278.16,92,100,4.02,RU,1717874929
535,belmonte,-15.8631,-38.8828,298.52,78,24,4.06,BR,1717874929
536,cill airne,52.05,-9.5167,285.36,68,6,3.07,IE,1717874929
537,bago,17.3367,96.4797,298.78,91,100,3.45,MM,1717874929
538,eyl,7.9803,49.8164,300.78,76,85,12.22,SO,1717874929
539,shakhtinsk,49.71,72.5872,291.72,75,100,3.34,KZ,1717874929
540,kijang,35.2442,129.2139,291.0,97,100,0.52,KR,1717874929
541,starchiojd,45.3167,26.1833,293.37,81,5,1.78,RO,1717874929
542,la sarre,48.8002,-79.1996,286.35,82,100,3.15,CA,1717874737
543,vershino-darasunskiy,52.35,115.5167,277.44,94,100,0.79,RU,1717874930
544,cheyenne,41.14,-104.8203,294.33,64,20,2.06,US,1717874930
545,island harbour,50.724,-1.2758,291.19,70,16,0.89,GB,1717874930
546,castro marim,37.2207,-7.4435,293.92,57,10,5.94,PT,1717874930
547,fasa,28.9383,53.6482,299.73,28,40,2.06,IR,1717874930
548,masbate,12.3667,123.6167,300.2,80,100,0.98,PH,1717874930
